# Chữ | âm Hán Việt ưu tiên (dấu / = âm khác) | nghĩa gợi nhớ tiếng Việt
# Âm được rà soát theo KANJIDIC2; dạng Nhật cần đối chiếu chữ truyền thống.
一|nhất|một
丈|trượng|đơn vị đo độ dài; người đàn ông
上|thượng|trên; lên
下|hạ|dưới; xuống
不|bất|không
両|lưỡng|cả hai; đôi
並|tịnh|xếp cạnh nhau; ngang hàng
中|trung|giữa; bên trong
主|chủ|người chủ; chính
乗|thừa/thặng|lên xe; cưỡi
乳|nhũ|sữa
予|dự|trước; dự tính (dạng Nhật của 預 trong 予約)
事|sự|việc; sự việc
亡|vong|mất; qua đời
交|giao|giao nhau; trao đổi
人|nhân|người
今|kim|bây giờ
仕|sĩ|làm việc; phục vụ
他|tha|khác
付|phó|gắn; giao cho
以|dĩ|lấy làm mốc; bằng
休|hưu|nghỉ
会|hội|gặp; hội họp
伝|truyền|truyền đạt; giúp chuyển
低|đê|thấp
住|trụ|ở; cư trú
体|thể|cơ thể
何|hà|gì
作|tác|làm; tạo ra
使|sử/sứ|dùng; sai khiến
便|tiện|thuận tiện; thư tín
保|bảo|giữ; bảo vệ
信|tín|tin; thông tin
倒|đảo|ngã; đổ
借|tá|mượn
傘|tản|ô; dù
備|bị|chuẩn bị; trang bị
働|động|làm việc (chữ do Nhật tạo; âm đối chiếu theo 動)
優|ưu|ưu tú; dịu dàng
元|nguyên|gốc; ban đầu
兄|huynh|anh trai
先|tiên|trước
入|nhập|vào
全|toàn|toàn bộ
公|công|chung; công cộng
円|viên|tròn; đồng yên
冊|sách|quyển; tập sách
写|tả|chép; chụp
冬|đông|mùa đông
冷|lãnh|lạnh
出|xuất|ra
分|phân/phận|chia; phần; phút
切|thiết|cắt
初|sơ|đầu tiên
別|biệt|khác; riêng
利|lợi|lợi ích; thuận lợi
券|khoán|vé; phiếu
前|tiền|trước
剤|tễ|chế phẩm; thuốc
割|cát|chia; cắt bớt
加|gia|thêm; tham gia
勉|miễn|cố gắng
動|động|chuyển động
勝|thắng|thắng
化|hóa|biến đổi
北|bắc|phía bắc
匹|thất|đơn vị đếm thú nhỏ
医|y|y học; chữa bệnh
午|ngọ|buổi trưa
半|bán|một nửa
卒|tốt|kết thúc; tốt nghiệp
南|nam|phía nam
単|đơn|đơn lẻ; đơn giản
危|nguy|nguy hiểm
卵|noãn|trứng
厳|nghiêm|nghiêm khắc
去|khứ|đi; đã qua
参|tham|tham gia
友|hữu|bạn
取|thủ|lấy
受|thụ|nhận
口|khẩu|miệng
古|cổ|cũ
台|đài|bệ; đơn vị đếm máy, xe
右|hữu|bên phải
号|hiệu|số hiệu; dấu hiệu
合|hợp|hợp lại; phù hợp
名|danh|tên
吸|hấp|hút; hít
呂|lữ|một âm trong 風呂 (bồn tắm)
味|vị|vị; hương vị
品|phẩm|đồ; sản phẩm
員|viên|thành viên; nhân viên
唐|đường|nhà Đường; liên quan Trung Quốc
喫|khiết|ăn; uống; hút
回|hồi|lần; vòng
団|đoàn|nhóm; khối tròn
図|đồ|bản vẽ; sơ đồ
固|cố|cứng; chắc
国|quốc|đất nước
園|viên|vườn
土|thổ|đất
地|địa|đất; nơi
城|thành|thành; lâu đài
堂|đường|gian lớn; nhà
場|trường/tràng|nơi; địa điểm
塗|đồ|bôi; sơn
塩|diêm|muối
壊|hoại|hỏng; phá vỡ
声|thanh|giọng; tiếng
売|mại|bán
変|biến|thay đổi; khác thường
夏|hạ|mùa hè
夕|tịch|chiều tối
外|ngoại|ngoài
多|đa|nhiều
夜|dạ|đêm
大|đại|lớn
天|thiên|trời
夫|phu|chồng; người đàn ông
奥|áo|phía trong sâu
女|nữ|nữ; phụ nữ
好|hảo/hiếu|tốt; yêu thích
妹|muội|em gái
妻|thê|vợ
姉|tỷ|chị gái
始|thủy|bắt đầu
娘|nương|con gái
婚|hôn|kết hôn
嫌|hiềm|ghét; không thích
子|tử|con; trẻ
字|tự|chữ
季|quý|mùa
学|học|học
安|an|yên; rẻ
客|khách|khách
室|thất|phòng
家|gia|nhà; gia đình
宿|túc|ở trọ; nơi ở
寒|hàn|lạnh (thời tiết)
寝|tẩm|ngủ; nằm
寺|tự|chùa
小|tiểu|nhỏ
少|thiểu/thiếu|ít
局|cục|cơ quan; bộ phận
居|cư|ở
屋|ốc|nhà; cửa hàng
山|sơn|núi
川|xuyên|sông
左|tả|bên trái
差|sai/soa|chênh lệch; khác
布|bố|vải
師|sư|thầy; người có chuyên môn
席|tịch|chỗ ngồi
帯|đới/đái|dải; đeo; mang theo
帰|quy|trở về
帽|mạo|mũ
平|bình|phẳng; bình yên
年|niên|năm
幹|cán|thân cây; trục chính
広|quảng|rộng
店|điếm|cửa hàng
度|độ|lần; mức độ
座|tọa|ngồi; chỗ ngồi
庫|khố|kho
弁|biện|phân biệt; lời nói
式|thức|kiểu; cách; nghi thức
引|dẫn|kéo
弟|đệ|em trai
強|cường/cưỡng|mạnh; cố sức
弾|đàn/đạn|gảy; bật; viên đạn
当|đương/đáng|đúng; trúng; thích hợp
待|đãi|đợi
後|hậu|sau
心|tâm|tim; lòng
忘|vong|quên
忙|mang|bận
念|niệm|ý nghĩ; nhớ
怖|phố|sợ
思|tư|nghĩ
急|cấp|gấp; đột ngột
恋|luyến|yêu; lưu luyến
息|tức|hơi thở; nghỉ
悪|ác/ố|xấu; không tốt
惑|hoặc|bối rối; lầm lẫn
慣|quán|quen
所|sở|chỗ; nơi
手|thủ|tay
払|phất|phủi; thanh toán (dạng Nhật của 拂)
押|áp|ấn; đẩy
持|trì|cầm; giữ
捨|xả|bỏ
掃|tảo|quét
授|thụ|trao; dạy
探|thám|tìm kiếm
描|miêu|vẽ; miêu tả
携|huề|mang theo
撮|toát|chụp; gom lấy
撲|phác|đánh; vật
改|cải|sửa; đổi
放|phóng|thả; phát ra
故|cố|nguyên do; sự cố
教|giáo|dạy
散|tán/tản|tản ra; đi dạo
文|văn|văn; câu
料|liệu|nguyên liệu; phí
新|tân|mới
方|phương|phương hướng; cách
旅|lữ|đi xa; du lịch
族|tộc|nhóm; gia tộc
日|nhật|ngày; mặt trời; Nhật Bản
早|tảo|sớm
明|minh|sáng; rõ
昔|tích|xưa
映|ánh|chiếu; phản chiếu
春|xuân|mùa xuân
昨|tạc|hôm trước
昼|trú|ban ngày; trưa
時|thời/thì|giờ; thời gian
晩|vãn|chiều muộn; tối (dạng Nhật của 晚)
景|cảnh|cảnh sắc
晴|tình|trời quang
暇|hạ|rảnh
暑|thử|nóng (thời tiết)
暖|noãn|ấm
暗|ám|tối
暮|mộ|chiều tối; sinh sống
曇|đàm|mây che; trời âm u
曜|diệu|ngày trong tuần; ánh sáng
曲|khúc|cong; bản nhạc
書|thư|viết; sách
最|tối|nhất
月|nguyệt|tháng; mặt trăng
有|hữu|có
服|phục|quần áo
朝|triêu/triều|buổi sáng; triều đại
木|mộc|cây; gỗ
末|mạt|cuối
本|bản/bổn|gốc; sách
札|trát|tờ; vé; tiền giấy
材|tài|vật liệu
束|thúc|bó; buộc
来|lai|đến
杯|bôi|cốc; chén
東|đông|phía đông
枚|mai|đơn vị đếm vật mỏng
果|quả|quả; kết quả
柔|nhu|mềm; dịu
校|hiệu/giáo|trường học; hiệu chỉnh
桜|anh|hoa anh đào (dạng Nhật của 櫻)
業|nghiệp|nghề; việc
楽|lạc/nhạc|vui; âm nhạc
横|hoành|ngang
橋|kiều|cầu
機|cơ|máy; cơ hội
欲|dục|muốn
歌|ca|hát; bài hát
止|chỉ|dừng
歩|bộ|bước; đi bộ
歯|xỉ|răng
歳|tuế|tuổi; năm
死|tử|chết
残|tàn|còn lại
母|mẫu|mẹ
毎|mỗi|mỗi
気|khí|khí; tinh thần
水|thủy|nước
汚|ô|bẩn
油|du|dầu
治|trị|chữa; trị
泉|tuyền|suối
泊|bạc|đỗ; ở qua đêm
注|chú|rót; chú ý
泳|vịnh|bơi
洗|tẩy|rửa; giặt
活|hoạt|sống; hoạt động
浴|dục|tắm
海|hải|biển
消|tiêu|tắt; tiêu đi
涼|lương|mát
混|hỗn|trộn; lẫn
渡|độ|qua; vượt qua
温|ôn|ấm
湯|thang|nước nóng
準|chuẩn|chuẩn; chuẩn bị
漢|hán|Hán; Trung Quốc
漫|mạn|lan rộng; tùy hứng
濯|trạc|giặt; rửa
火|hỏa|lửa
点|điểm|điểm; chấm
無|vô|không có
然|nhiên|như vậy; tự nhiên
焼|thiêu|đốt; nướng
煙|yên|khói
熱|nhiệt|nóng; nhiệt; sốt
父|phụ|cha
牛|ngưu|bò
物|vật|đồ vật
特|đặc|đặc biệt
犬|khuyển|chó
猫|miêu|mèo
玄|huyền|sâu; huyền bí
球|cầu|bóng; hình cầu
理|lý|lý lẽ; sắp xếp
甘|cam|ngọt
生|sinh/sanh|sống; sinh ra
産|sản|sinh; sản phẩm
用|dụng|dùng
田|điền|ruộng
由|do|nguyên do
申|thân|trình bày; thưa
男|nam|nam; đàn ông
町|đinh|phố; thị trấn
画|họa/hoạch|tranh; vạch nét
番|phiên|lượt; số thứ tự
疲|bì|mệt
病|bệnh|bệnh
痛|thống|đau
登|đăng|lên; leo
白|bạch|trắng
皆|giai|tất cả
皿|mãnh|đĩa; đồ đựng
目|mục|mắt; mục
相|tương/tướng|lẫn nhau; dáng
真|chân|thật
眠|miên|ngủ
眼|nhãn|mắt
着|trước/trứ|mặc; đến; gắn vào
睡|thụy|ngủ
知|tri|biết
短|đoản|ngắn
砂|sa|cát
磨|ma|mài; đánh bóng
社|xã|công ty; đền Thần đạo
祖|tổ|tổ tiên
神|thần|thần
祭|tế|lễ; cúng
私|tư|tôi; riêng
秋|thu|mùa thu
空|không|trống; bầu trời
窓|song|cửa sổ
立|lập|đứng
節|tiết|mùa; đốt; tiết
簡|giản|đơn giản
米|mễ|gạo
粧|trang|trang điểm
糖|đường|đường ăn
約|ước|hẹn; ước chừng
紅|hồng|đỏ thẫm
紙|chỉ|giấy
終|chung|kết thúc
組|tổ|nhóm; lắp ghép
経|kinh|trải qua; kinh
結|kết|buộc; kết lại
給|cấp|cấp; cung cấp
絵|hội|tranh vẽ
緑|lục|xanh lá
緒|tự|đầu mối; sợi dây
線|tuyến|đường; tuyến
練|luyện|luyện tập
置|trí|đặt; để
美|mỹ|đẹp
習|tập|học; tập
者|giả|người
耳|nhĩ|tai
聞|văn/vấn|nghe; hỏi
肉|nhục|thịt
育|dục|nuôi; giáo dục
背|bối|lưng
脱|thoát|cởi; thoát
自|tự|tự mình
舎|xá|nhà
色|sắc|màu
花|hoa|hoa
若|nhược|trẻ
苦|khổ|đắng; khổ
英|anh|Anh; ưu tú
茶|trà|trà
荷|hà|hành lý; gánh
菓|quả|bánh kẹo; quả
菜|thái|rau
落|lạc|rơi
葉|diệp|lá
蔵|tàng/tạng|cất giữ; kho
薬|dược|thuốc
行|hành/hàng|đi; làm; hàng
術|thuật|kỹ thuật; nghệ thuật
衣|y|áo; quần áo
製|chế|chế tạo
複|phức|nhiều; kép
西|tây|phía tây
見|kiến|nhìn; thấy
覧|lãm|xem
親|thân|cha mẹ; thân thiết
観|quan|xem; quan sát
角|giác|góc; sừng
言|ngôn|nói; lời
計|kế|tính; đo
記|ký|ghi
証|chứng|chứng nhận
試|thí|thử; thi
話|thoại|nói chuyện
誌|chí|ghi chép; tạp chí
誕|đản|sinh ra
語|ngữ|ngôn ngữ; lời
説|thuyết|giải thích
読|độc|đọc
調|điều/điệu|điều chỉnh; điều tra
豚|đồn|lợn
負|phụ|mang; thua
財|tài|tài sản; tiền
販|phiến|buôn bán
買|mãi|mua
貸|thải|cho vay; cho mượn
赤|xích|đỏ
走|tẩu|chạy
越|việt|vượt qua
趣|thú|hứng thú
足|túc|chân; đủ
身|thân|thân mình
車|xa|xe
転|chuyển|xoay; chuyển
輩|bối|lớp người; đồng lứa
辛|tân|cay; khó nhọc
辞|từ|từ ngữ; từ chối
込|—|vào trong; đông (chữ do Nhật tạo, không gán âm Hán Việt trong bài học)
迎|nghênh|đón
近|cận|gần
迷|mê|lạc; phân vân
送|tống|gửi; đưa đi
通|thông|thông qua; đi lại
週|chu|tuần
遅|trì|chậm; muộn
遊|du|chơi
運|vận|vận chuyển; vận động
道|đạo|đường
達|đạt|đến; đạt
遠|viễn|xa
選|tuyển|chọn
邪|tà|không ngay; bệnh
部|bộ|bộ phận
郵|bưu|bưu chính
都|đô|đô thị
配|phối|chia; sắp xếp
酒|tửu|rượu
野|dã|đồng; ngoài trời
金|kim|vàng; tiền
釣|điếu|câu cá
鈴|linh|chuông nhỏ
鉄|thiết|sắt
銀|ngân|bạc
録|lục|ghi lại
鏡|kính|gương; kính
長|trường/trưởng|dài; người đứng đầu
閉|bế|đóng
開|khai|mở
間|gian|khoảng; ở giữa
関|quan|liên quan; cửa ải
降|giáng/hàng|xuống; rơi
院|viện|viện; cơ sở
除|trừ|loại bỏ
険|hiểm|hiểm trở; nguy hiểm
階|giai|tầng; bậc
隣|lân|bên cạnh
集|tập|tập hợp
雑|tạp|lẫn; tạp
難|nan/nạn|khó; tai nạn
雨|vũ|mưa
雪|tuyết|tuyết
電|điện|điện
震|chấn|rung; chấn động
青|thanh|xanh
静|tĩnh|yên tĩnh
靴|ngoa|giày
韓|hàn|Hàn Quốc
音|âm|âm thanh
頭|đầu|đầu
題|đề|đề; chủ đề
顔|nhan|mặt
願|nguyện|mong; cầu
風|phong|gió; phong cách
飛|phi|bay
食|thực|ăn; thức ăn
飯|phạn|cơm
飲|ẩm|uống
館|quán|tòa nhà; quán
駅|dịch|ga; trạm
験|nghiệm|thử; kiểm nghiệm
高|cao|cao; đắt
髪|phát|tóc
魚|ngư|cá
鮮|tiên|tươi
鳥|điểu|chim
黄|hoàng|vàng
黒|hắc|đen
鼻|tỵ/tị|mũi
